<?xml version="1.0" encoding="UTF-8" standalone="yes"?>
<manifest>
  <control namespace="ImageViewerPCF" constructor="ImageViewerPCF" version="0.5.6" display-name-key="ImageViewerPCF" description-key="ImageViewerPCF description" control-type="standard" api-version="1.3.16">
    <external-service-usage enabled="false"/>
    <property name="defectTempId" display-name-key=" Defect Temp ID to save the images base64 to Notes table" description-key="Defect tempId" of-type="SingleLine.Text" usage="bound" required="true"/>
    <property name="debugMode" display-name-key="debugMode" description-key="Able access to debug mode" of-type="TwoOptions" usage="input" required="false" default-value="false"/>
    <resources>
      <code path="bundle.js" order="1"/>
      <css path="src/css/image-gallery.css" order="1"/>
      <css path="src/css/drop-zone.css" order="1"/>
    </resources>
    <feature-usage>
      <uses-feature name="Device.pickFile" required="true"/>
      <uses-feature name="Utility" required="true"/>
      <uses-feature name="WebAPI" required="true"/>
      <uses-feature name="Device.captureImage" required="true"/>
    </feature-usage>
    <built-by name="pac" version="1.42.1"/>
  </control>
</manifest>