<?xml version="1.0" encoding="UTF-8" standalone="yes"?>
<manifest>
  <control namespace="AttachmentVideoControl" constructor="AttachmentVideoControl" version="0.1.6" display-name-key="AttachmentVideoControl" description-key="AttachmentVideoControl description" control-type="standard" api-version="1.3.16">
    <external-service-usage enabled="false"/>
    <property name="videoSrc" display-name-key="Video Source" description-key="Video Source" of-type="SingleLine.Text" usage="bound" required="true"/>
    <resources>
      <code path="bundle.js" order="1"/>
    </resources>
    <feature-usage>
      <uses-feature name="Device.captureVideo" required="true"/>
      <uses-feature name="Device.pickFile" required="true"/>
      <uses-feature name="WebAPI" required="true"/>
    </feature-usage>
    <built-by name="pac" version="1.42.1"/>
  </control>
</manifest>