<?xml version="1.0" encoding="UTF-8" standalone="yes"?>
<manifest>
  <control namespace="DatePickerControl" constructor="DatePickerControl" version="0.0.1" display-name-key="DatePickerControl" description-key="DatePickerControl description" control-type="virtual" api-version="1.3.16">
    <external-service-usage enabled="false"/>
    <property name="DateField" display-name-key="Date Field" description-key="Field to be mapped to custom date field" of-type="DateAndTime.DateOnly" usage="bound" required="true"/>
    <property name="LastXDate" display-name-key="Last X Date" description-key="Configure number of days to show in the dropdown" of-type="Whole.None" usage="input" required="false" default-value="3"/>
    <resources>
      <code path="bundle.js" order="1"/>
      <platform-library name="React" version="16.14.0"/>
      <platform-library name="Fluent" version="9.46.2"/>
    </resources>
    <feature-usage/>
    <built-by name="pac" version="1.42.1"/>
  </control>
</manifest>