<?xml version="1.0" encoding="UTF-8" standalone="yes"?>
<manifest>
  <control namespace="DatePickerControl" constructor="DatePickerControl" version="0.0.2" display-name-key="DatePickerControl" description-key="DatePickerControl description" control-type="virtual" api-version="1.3.16">
    <external-service-usage enabled="false"/>
    <property name="DateField" display-name-key="Date Field" description-key="Field to be mapped to custom date field" of-type="DateAndTime.DateOnly" usage="bound" required="true"/>
    <property name="MinDate" display-name-key="Minimum Date Range" description-key="Configure the minimum range for date control" of-type="Whole.None" usage="input" required="false"/>
    <property name="MaxDate" display-name-key="Maximum Date Range" description-key="Configure the maximum range for date control" of-type="Whole.None" usage="input" required="false"/>
    <property name="EnableDefault" display-name-key="Enable Default" description-key="Configure the default value for date control" of-type="Whole.None" usage="input" required="false"/>
    <property name="SetDefault" display-name-key="Default Date" description-key="Configure the default value for date control or Today date" of-type="Whole.None" usage="input" required="false"/>
    <resources>
      <code path="bundle.js" order="1"/>
      <platform-library name="React" version="16.14.0"/>
      <platform-library name="Fluent" version="9.46.2"/>
    </resources>
    <feature-usage/>
    <built-by name="pac" version="1.42.1"/>
  </control>
</manifest>